,Actual,Predicted
1,329.33333333333337,275.7009
2,333.44444444444446,279.15027
3,337.55555555555554,283.46262
4,341.6666666666667,282.8208
5,337.6666666666667,287.97455
6,336.0,305.96878
7,330.0,296.65018
8,324.0,296.73108
9,318.0,295.84244
10,312.5,295.35983
11,307.0,293.3364
12,298.3333333333333,272.772
13,289.66666666666674,270.29214
14,281.0,264.11423
15,279.0,254.87376
16,277.0,251.67114
17,269.0,245.37636
18,266.75,242.26619
19,264.5,240.4521
20,262.25,235.78221
21,260.0,236.09343